"Status","Start Time","Stop Time","Duration in ms","Parent Suite","Suite","Sub Suite","Test Class","Test Method","Name","Description"
"passed","Wed Jun 28 06:00:52 GMT 2023","Wed Jun 28 06:00:52 GMT 2023","226","tests","test_api","TestBookstoreAPI","","","test_updating_invalid_order",""
"passed","Wed Jun 28 06:00:48 GMT 2023","Wed Jun 28 06:00:48 GMT 2023","227","tests","test_api","TestBookstoreAPI","","","test_request_non_existent_book",""
"passed","Wed Jun 28 06:00:50 GMT 2023","Wed Jun 28 06:00:50 GMT 2023","267","tests","test_api","TestBookstoreAPI","","","test_request_all_book_orders",""
"passed","Wed Jun 28 06:00:49 GMT 2023","Wed Jun 28 06:00:49 GMT 2023","287","tests","test_api","TestBookstoreAPI","","","test_submit_unauthorised_order",""
"passed","Wed Jun 28 06:00:49 GMT 2023","Wed Jun 28 06:00:50 GMT 2023","301","tests","test_api","TestBookstoreAPI","","","test_submit_order_with_invalid_or_non_existent_id",""
"passed","Wed Jun 28 06:00:45 GMT 2023","Wed Jun 28 06:00:46 GMT 2023","725","tests","test_api","TestBookstoreAPI","","","test_request_status",""
"passed","Wed Jun 28 06:00:50 GMT 2023","Wed Jun 28 06:00:51 GMT 2023","380","tests","test_api","TestBookstoreAPI","","","test_request_order_by_id",""
"passed","Wed Jun 28 06:00:48 GMT 2023","Wed Jun 28 06:00:49 GMT 2023","722","tests","test_api","TestBookstoreAPI","","","test_submit_new_book_order",""
"passed","Wed Jun 28 06:00:51 GMT 2023","Wed Jun 28 06:00:51 GMT 2023","235","tests","test_api","TestBookstoreAPI","","","test_unauthorised_request_order_by_id",""
"passed","Wed Jun 28 06:00:48 GMT 2023","Wed Jun 28 06:00:48 GMT 2023","623","tests","test_api","TestBookstoreAPI","","","test_register_new_user",""
"passed","Wed Jun 28 06:00:47 GMT 2023","Wed Jun 28 06:00:47 GMT 2023","348","tests","test_api","TestBookstoreAPI","","","test_request_non_existent_book_type",""
"passed","Wed Jun 28 06:00:47 GMT 2023","Wed Jun 28 06:00:47 GMT 2023","258","tests","test_api","TestBookstoreAPI","","","test_request_list_of_fiction_books",""
"passed","Wed Jun 28 06:00:47 GMT 2023","Wed Jun 28 06:00:48 GMT 2023","237","tests","test_api","TestBookstoreAPI","","","test_request_single_book",""
"passed","Wed Jun 28 06:00:52 GMT 2023","Wed Jun 28 06:00:52 GMT 2023","247","tests","test_api","TestBookstoreAPI","","","test_unauthorized_updating_existing_order",""
"passed","Wed Jun 28 06:00:51 GMT 2023","Wed Jun 28 06:00:52 GMT 2023","677","tests","test_api","TestBookstoreAPI","","","test_updating_existing_order",""
"passed","Wed Jun 28 06:00:46 GMT 2023","Wed Jun 28 06:00:47 GMT 2023","569","tests","test_api","TestBookstoreAPI","","","test_request_list_of_non_fiction_books",""
"passed","Wed Jun 28 06:00:50 GMT 2023","Wed Jun 28 06:00:50 GMT 2023","237","tests","test_api","TestBookstoreAPI","","","test_unauthorised_request_all_book_orders",""
"passed","Wed Jun 28 06:00:51 GMT 2023","Wed Jun 28 06:00:51 GMT 2023","275","tests","test_api","TestBookstoreAPI","","","test_request_order_by_invalid_id",""
"passed","Wed Jun 28 06:00:52 GMT 2023","Wed Jun 28 06:00:53 GMT 2023","741","tests","test_api","TestBookstoreAPI","","","test_delete_existing_order",""
"passed","Wed Jun 28 06:00:46 GMT 2023","Wed Jun 28 06:00:46 GMT 2023","426","tests","test_api","TestBookstoreAPI","","","test_request_list_of_all_books",""
